Datum,Belegte_Intensivbetten,Freie_Intensivbetten,7_Tage_Notfallreserve
2020-03-20 11:15:00+00:00,39,330,0
2020-03-21 11:15:00+00:00,367,382,0
2020-03-22 11:15:00+00:00,435,401,0
2020-03-23 11:15:00+00:00,523,420,0
2020-03-24 11:15:00+00:00,637,501,0
2020-03-25 11:15:00+00:00,723,581,0
2020-03-26 11:15:00+00:00,782,565,0
2020-03-27 11:15:00+00:00,808,581,0
2020-03-28 11:15:00+00:00,850,592,0
2020-03-29 10:15:00+00:00,864,581,0
2020-03-30 10:15:00+00:00,932,601,0
2020-03-31 10:15:00+00:00,1063,629,0
2020-04-01 10:15:00+00:00,1270,778,0
2020-04-02 10:15:00+00:00,1539,1044,0
2020-04-03 10:15:00+00:00,1615,995,0
2020-04-04 10:15:00+00:00,1665,1042,0
2020-04-05 10:15:00+00:00,1629,1035,0
2020-04-06 10:15:00+00:00,1607,1036,0
2020-04-07 10:15:00+00:00,1616,1078,0
2020-04-08 10:15:00+00:00,1645,1146,0
2020-04-09 10:15:00+00:00,1784,1051,0
2020-04-10 10:15:00+00:00,1656,1045,0
2020-04-11 10:15:00+00:00,1598,1076,0
2020-04-12 10:15:00+00:00,1578,1076,0
2020-04-13 10:15:00+00:00,1611,1127,0
2020-04-14 10:15:00+00:00,1624,1150,0
2020-04-15 10:15:00+00:00,1632,1179,0
2020-04-16 10:15:00+00:00,1928,1503,0
2020-04-17 10:15:00+00:00,2006,1451,0
2020-04-18 10:15:00+00:00,2060,1493,0
2020-04-19 10:15:00+00:00,2063,1467,0
2020-04-20 10:15:00+00:00,2078,1485,0
2020-04-21 10:15:00+00:00,2099,1492,0
2020-04-22 10:15:00+00:00,2120,1513,0
2020-04-23 10:15:00+00:00,2172,1513,0
2020-04-24 10:15:00+00:00,2152,1516,0
2020-04-25 10:15:00+00:00,2123,1516,0
2020-04-26 10:15:00+00:00,2055,1602,0
2020-04-27 10:15:00+00:00,2060,1586,0
2020-04-28 10:15:00+00:00,2132,1536,0
2020-04-29 10:15:00+00:00,2143,1553,0
2020-04-30 10:15:00+00:00,2131,1540,0
2020-05-01 10:15:00+00:00,2100,1568,0
2020-05-02 10:15:00+00:00,2034,1623,0
2020-05-03 10:15:00+00:00,2102,1542,0
2020-05-04 10:15:00+00:00,2105,1482,0
2020-05-05 10:15:00+00:00,2092,1396,0
2020-05-06 10:15:00+00:00,2114,1393,0
2020-05-07 10:15:00+00:00,2123,1432,0
2020-05-08 10:15:00+00:00,2120,1431,0
2020-05-09 10:15:00+00:00,2095,1465,0
2020-05-10 10:15:00+00:00,2035,1533,0
2020-05-11 10:15:00+00:00,2024,1530,0
2020-05-12 10:15:00+00:00,2102,1455,0
2020-05-13 10:15:00+00:00,2142,1392,0
2020-05-14 10:15:00+00:00,2143,1396,0
2020-05-15 10:15:00+00:00,2195,1346,0
2020-05-16 10:15:00+00:00,2126,1395,0
2020-05-17 10:15:00+00:00,2137,1453,0
2020-05-18 10:15:00+00:00,2055,1444,0
2020-05-19 10:15:00+00:00,2120,1343,0
2020-05-20 10:15:00+00:00,2157,1321,0
2020-05-21 10:15:00+00:00,2102,1361,0
2020-05-22 10:15:00+00:00,2095,1382,0
2020-05-23 10:15:00+00:00,2059,1401,0
2020-05-24 10:15:00+00:00,2002,1472,0
2020-05-25 10:15:00+00:00,2008,1467,0
2020-05-26 10:15:00+00:00,2087,1374,0
2020-05-27 10:15:00+00:00,2098,1349,0
2020-05-28 10:15:00+00:00,2116,1306,0
2020-05-29 10:15:00+00:00,2110,1313,0
2020-05-30 10:15:00+00:00,2119,1363,0
2020-05-31 10:15:00+00:00,2038,1461,0
2020-06-01 10:15:00+00:00,2030,1464,0
2020-06-02 10:15:00+00:00,2059,1420,0
2020-06-03 10:15:00+00:00,2107,1363,0
2020-06-04 10:15:00+00:00,2108,1354,0
2020-06-05 10:15:00+00:00,2131,1345,0
2020-06-06 10:15:00+00:00,2109,1371,0
2020-06-07 10:15:00+00:00,2039,1402,0
2020-06-08 10:15:00+00:00,2046,1406,0
2020-06-09 10:15:00+00:00,2112,1331,0
2020-06-10 10:15:00+00:00,2047,1374,0
2020-06-11 10:15:00+00:00,2092,1329,0
2020-06-12 10:15:00+00:00,2018,1400,0
2020-06-13 10:15:00+00:00,2028,1386,0
2020-06-14 10:15:00+00:00,2021,1407,0
2020-06-15 10:15:00+00:00,2051,1380,0
2020-06-16 10:15:00+00:00,2102,1349,0
2020-06-17 10:15:00+00:00,2135,1324,0
2020-06-18 10:15:00+00:00,2148,1312,0
2020-06-19 10:15:00+00:00,2129,1320,0
2020-06-20 10:15:00+00:00,2146,1327,0
2020-06-21 10:15:00+00:00,2071,1368,0
2020-06-22 10:15:00+00:00,2069,1396,0
2020-06-23 10:15:00+00:00,2101,1367,0
2020-06-24 10:15:00+00:00,2156,1320,0
2020-06-25 10:15:00+00:00,2131,1325,0
2020-06-26 10:15:00+00:00,2197,1282,0
2020-06-27 10:15:00+00:00,2166,1311,0
2020-06-28 10:15:00+00:00,2141,1350,0
2020-06-29 10:15:00+00:00,2092,1406,0
2020-06-30 10:15:00+00:00,2165,1307,0
2020-07-01 10:15:00+00:00,2230,1244,0
2020-07-02 10:15:00+00:00,2202,1251,0
2020-07-03 10:15:00+00:00,2188,1263,0
2020-07-04 10:15:00+00:00,2164,1292,0
2020-07-05 10:15:00+00:00,2120,1321,0
2020-07-06 10:15:00+00:00,2103,1375,0
2020-07-07 10:15:00+00:00,2151,1324,0
2020-07-08 10:15:00+00:00,2200,1290,0
2020-07-09 10:15:00+00:00,2167,1309,0
2020-07-10 10:15:00+00:00,2169,1323,0
2020-07-11 10:15:00+00:00,2131,1343,0
2020-07-12 10:15:00+00:00,2083,1395,0
2020-07-13 10:15:00+00:00,2055,1425,0
2020-07-14 10:15:00+00:00,2115,1362,0
2020-07-15 10:15:00+00:00,2192,1272,0
2020-07-16 10:15:00+00:00,2195,1273,0
2020-07-17 10:15:00+00:00,2245,1276,0
2020-07-18 10:15:00+00:00,2210,1297,0
2020-07-19 10:15:00+00:00,2127,1380,0
2020-07-20 10:15:00+00:00,2157,1378,0
2020-07-21 10:15:00+00:00,2187,1329,0
2020-07-22 10:15:00+00:00,2186,1289,0
2020-07-23 10:15:00+00:00,2184,1268,0
2020-07-24 10:15:00+00:00,2184,1271,0
2020-07-25 10:15:00+00:00,2155,1276,0
2020-07-26 10:15:00+00:00,2098,1326,0
2020-07-27 10:15:00+00:00,2088,1359,0
2020-07-28 10:15:00+00:00,2151,1304,0
2020-07-29 10:15:00+00:00,2203,1252,0
2020-07-30 10:15:00+00:00,2169,1272,0
2020-07-31 10:15:00+00:00,2208,1211,0
2020-08-01 10:15:00+00:00,2146,1272,0
2020-08-02 10:15:00+00:00,2082,1351,0
2020-08-03 10:15:00+00:00,2036,1396,0
2020-08-04 10:15:00+00:00,2057,854,1476
2020-08-05 10:15:00+00:00,2127,808,1480
2020-08-06 10:15:00+00:00,2083,857,1449
2020-08-07 10:15:00+00:00,2117,821,1351
2020-08-08 10:15:00+00:00,2077,850,1357
2020-08-09 10:15:00+00:00,2038,884,1355
2020-08-10 10:15:00+00:00,2026,913,1359
2020-08-11 10:15:00+00:00,2098,847,1378
2020-08-12 10:15:00+00:00,2113,833,1377
2020-08-13 10:15:00+00:00,2137,791,1378
2020-08-14 10:15:00+00:00,2130,795,1355
2020-08-15 10:15:00+00:00,2114,799,1344
2020-08-16 10:15:00+00:00,2064,852,1344
2020-08-17 10:15:00+00:00,2050,856,1345
2020-08-18 10:15:00+00:00,2036,883,1336
2020-08-19 10:15:00+00:00,2096,829,1341
2020-08-20 10:15:00+00:00,2106,838,1340
2020-08-21 10:15:00+00:00,2090,852,1354
2020-08-22 10:15:00+00:00,2005,884,1371
2020-08-23 10:15:00+00:00,1965,922,1361
2020-08-24 10:15:00+00:00,1979,923,1373
2020-08-25 10:15:00+00:00,2057,848,1383
2020-08-26 10:15:00+00:00,2056,852,1386
2020-08-27 10:15:00+00:00,2076,810,1367
2020-08-28 10:15:00+00:00,2079,804,1368
2020-08-29 10:15:00+00:00,2076,809,1385
2020-08-30 10:15:00+00:00,2041,839,1383
2020-08-31 10:15:00+00:00,2015,873,1386
2020-09-01 10:15:00+00:00,2090,823,1366
2020-09-02 10:15:00+00:00,2076,833,1369
2020-09-03 10:15:00+00:00,2094,815,1368
2020-09-04 10:15:00+00:00,2064,833,1413
2020-09-05 10:15:00+00:00,2101,795,1518
2020-09-06 10:15:00+00:00,2019,876,1520
2020-09-07 10:15:00+00:00,2013,881,1418
2020-09-08 10:15:00+00:00,2082,819,1414
2020-09-09 10:15:00+00:00,2120,786,1409
2020-09-10 10:15:00+00:00,2089,815,1409
2020-09-11 10:15:00+00:00,2128,772,1406
2020-09-12 10:15:00+00:00,2090,813,1402
2020-09-13 10:15:00+00:00,2064,834,1407
2020-09-14 10:15:00+00:00,2019,891,1408
2020-09-15 10:15:00+00:00,2103,808,1407
2020-09-16 10:15:00+00:00,2123,802,1397
2020-09-17 10:15:00+00:00,2132,786,1403
2020-09-18 10:15:00+00:00,2137,780,1405
2020-09-19 10:15:00+00:00,2094,815,1409
2020-09-20 10:15:00+00:00,2066,843,1424
2020-09-21 10:15:00+00:00,2049,870,1432
2020-09-22 10:15:00+00:00,2079,827,1434
2020-09-23 10:15:00+00:00,2108,776,1422
2020-09-24 10:15:00+00:00,2109,779,1420
2020-09-25 10:15:00+00:00,2134,748,1434
2020-09-26 10:15:00+00:00,2134,745,1430
2020-09-27 10:15:00+00:00,2056,815,1431
2020-09-28 10:15:00+00:00,2011,855,1428
2020-09-29 10:15:00+00:00,2071,800,1428
2020-09-30 10:15:00+00:00,2064,754,1453
2020-10-01 10:15:00+00:00,2103,714,1442
2020-10-02 10:15:00+00:00,2082,740,1445
2020-10-03 10:15:00+00:00,2048,759,1434
2020-10-04 10:15:00+00:00,1980,826,1432
2020-10-05 10:15:00+00:00,2000,818,1444
2020-10-06 10:15:00+00:00,2059,759,1444
2020-10-07 10:15:00+00:00,2038,763,1447
2020-10-08 10:15:00+00:00,2034,769,1445
2020-10-09 10:15:00+00:00,2051,746,1447
2020-10-10 10:15:00+00:00,2003,810,1446
2020-10-11 10:15:00+00:00,1979,816,1448
2020-10-12 10:15:00+00:00,1948,862,1440
2020-10-13 10:15:00+00:00,2002,811,1435
2020-10-14 10:15:00+00:00,2032,779,1582
2020-10-15 10:15:00+00:00,2048,750,1586
2020-10-16 10:15:00+00:00,2061,727,1586
2020-10-17 10:15:00+00:00,2051,727,1574
2020-10-18 10:15:00+00:00,1982,789,1573
2020-10-19 10:15:00+00:00,1959,834,1586
2020-10-20 10:15:00+00:00,2044,746,1590
2020-10-21 10:15:00+00:00,2027,734,1600
2020-10-22 10:15:00+00:00,2022,721,1625
2020-10-23 10:15:00+00:00,2068,665,1624
2020-10-24 10:15:00+00:00,2044,665,1627
2020-10-25 11:15:00+00:00,1982,718,1624
2020-10-26 11:15:00+00:00,1977,719,1635
2020-10-27 11:15:00+00:00,2038,656,1648
2020-10-28 11:15:00+00:00,2040,624,1658
2020-10-29 11:15:00+00:00,2038,613,1634
2020-10-30 11:15:00+00:00,2042,602,1656
2020-10-31 11:15:00+00:00,2004,629,1652
2020-11-01 11:15:00+00:00,1970,607,1649
2020-11-02 11:15:00+00:00,1962,641,1675
2020-11-03 11:15:00+00:00,2004,606,1606
2020-11-04 11:15:00+00:00,2018,598,1615
2020-11-05 11:15:00+00:00,2031,587,1604
2020-11-06 11:15:00+00:00,2034,591,1603
2020-11-07 11:15:00+00:00,2031,581,1535
2020-11-08 11:15:00+00:00,1978,629,1534
2020-11-09 11:15:00+00:00,1962,638,1530
2020-11-10 11:15:00+00:00,2031,587,1516
2020-11-11 11:15:00+00:00,2041,574,1516
2020-11-12 11:15:00+00:00,2087,537,1504
2020-11-13 11:15:00+00:00,2078,549,1498
2020-11-14 11:15:00+00:00,2078,528,1512
2020-11-15 11:15:00+00:00,2053,545,1513
2020-11-16 11:15:00+00:00,2040,592,1510
2020-11-17 11:15:00+00:00,2091,528,1501
2020-11-18 11:15:00+00:00,2100,521,1501
2020-11-19 11:15:00+00:00,2120,504,1505
2020-11-20 11:15:00+00:00,2145,483,1505
2020-11-21 11:15:00+00:00,2114,499,1487
2020-11-22 11:15:00+00:00,2048,560,1488
2020-11-23 11:15:00+00:00,2046,584,1476
2020-11-24 11:15:00+00:00,2098,531,1466
2020-11-25 11:15:00+00:00,2107,506,1474
2020-11-26 11:15:00+00:00,2144,466,1471
2020-11-27 11:15:00+00:00,2188,433,1465
2020-11-28 11:15:00+00:00,2137,463,1470
2020-11-29 11:15:00+00:00,2081,515,1471
2020-11-30 11:15:00+00:00,2095,512,1467
2020-12-01 11:15:00+00:00,2157,441,1471
2020-12-02 11:15:00+00:00,2139,459,1464
2020-12-03 11:15:00+00:00,2172,418,1465
2020-12-04 11:15:00+00:00,2176,395,1465
2020-12-05 11:15:00+00:00,2144,415,1483
2020-12-06 11:15:00+00:00,2084,467,1485
2020-12-07 11:15:00+00:00,2095,467,1480
2020-12-08 11:15:00+00:00,2120,425,1478
2020-12-09 11:15:00+00:00,2139,407,1479
2020-12-10 11:15:00+00:00,2130,398,1483
2020-12-11 11:15:00+00:00,2137,391,1478
2020-12-12 11:15:00+00:00,2126,399,1472
2020-12-13 11:15:00+00:00,2089,432,1472
2020-12-14 11:15:00+00:00,2096,419,1467
2020-12-15 11:15:00+00:00,2148,382,1458
2020-12-16 11:15:00+00:00,2169,310,1337
2020-12-17 11:15:00+00:00,2177,318,1332
2020-12-18 11:15:00+00:00,2167,324,1336
2020-12-19 11:15:00+00:00,2090,319,1329
2020-12-20 11:15:00+00:00,2052,356,1325
2020-12-21 11:15:00+00:00,2069,346,1323
2020-12-22 11:15:00+00:00,2085,348,1329
2020-12-23 11:15:00+00:00,2084,338,1329
2020-12-24 11:15:00+00:00,2020,385,1300
2020-12-25 11:15:00+00:00,2016,374,1327
2020-12-26 11:15:00+00:00,2023,370,1326
2020-12-27 11:15:00+00:00,1998,388,1328
2020-12-28 11:15:00+00:00,2028,359,1320
2020-12-29 11:15:00+00:00,2063,362,1315
2020-12-30 11:15:00+00:00,2086,345,1319
2020-12-31 11:15:00+00:00,2081,339,1327
2021-01-01 11:15:00+00:00,2019,377,1339
2021-01-02 11:15:00+00:00,2018,376,1325
2021-01-03 11:15:00+00:00,2056,341,1321
2021-01-04 11:15:00+00:00,2069,358,1322
2021-01-05 11:15:00+00:00,2111,342,1329
2021-01-06 11:15:00+00:00,2127,315,1324
2021-01-07 11:15:00+00:00,2083,360,1334
2021-01-08 11:15:00+00:00,2077,352,1333
2021-01-09 11:15:00+00:00,2099,334,1334
2021-01-10 11:15:00+00:00,2076,357,1334
2021-01-11 11:15:00+00:00,2101,341,1331
2021-01-12 11:15:00+00:00,2123,337,1314
2021-01-13 11:15:00+00:00,2142,319,1311
2021-01-14 11:15:00+00:00,2163,290,1318
2021-01-15 11:15:00+00:00,2156,296,1323
2021-01-16 11:15:00+00:00,2132,300,1331
2021-01-17 11:15:00+00:00,2113,325,1323
2021-01-18 11:15:00+00:00,2105,349,1309
2021-01-19 11:15:00+00:00,2144,307,1311
2021-01-20 11:15:00+00:00,2148,304,1309
2021-01-21 11:15:00+00:00,2174,288,1308
2021-01-22 11:15:00+00:00,2180,274,1312
2021-01-23 11:15:00+00:00,2150,282,1321
2021-01-24 11:15:00+00:00,2081,341,1319
2021-01-25 11:15:00+00:00,2071,357,1321
2021-01-26 11:15:00+00:00,2126,298,1316
2021-01-27 11:15:00+00:00,2125,314,1311
2021-01-28 11:15:00+00:00,2112,320,1317
2021-01-29 11:15:00+00:00,2156,292,1307
2021-01-30 11:15:00+00:00,2088,359,1314
2021-01-31 11:15:00+00:00,2071,363,1322
2021-02-01 11:15:00+00:00,2116,323,1318
2021-02-02 11:15:00+00:00,2118,328,1322
2021-02-03 11:15:00+00:00,2132,322,1310
2021-02-04 11:15:00+00:00,2143,316,1312
2021-02-05 11:15:00+00:00,2164,295,1310
2021-02-06 11:15:00+00:00,2116,312,1320
2021-02-07 11:15:00+00:00,2031,396,1319
2021-02-08 11:15:00+00:00,2058,383,1320
2021-02-09 11:15:00+00:00,2121,321,1318
2021-02-10 11:15:00+00:00,2109,334,1313
2021-02-11 11:15:00+00:00,2106,348,1310
2021-02-12 11:15:00+00:00,2122,330,1313
2021-02-13 11:15:00+00:00,2052,374,1318
2021-02-14 11:15:00+00:00,2032,390,1318
2021-02-15 11:15:00+00:00,2027,422,1313
2021-02-16 11:15:00+00:00,2061,396,1313
2021-02-17 11:15:00+00:00,2068,385,1312
2021-02-18 11:15:00+00:00,2087,358,1320
2021-02-19 11:15:00+00:00,2076,357,1325
2021-02-20 11:15:00+00:00,2062,373,1323
2021-02-21 11:15:00+00:00,2000,422,1328
2021-02-22 11:15:00+00:00,2016,424,1325
2021-02-23 11:15:00+00:00,2076,364,1328
2021-02-24 11:15:00+00:00,2136,305,1334
2021-02-25 11:15:00+00:00,2107,333,1338
2021-02-26 11:15:00+00:00,2120,310,1348
2021-02-27 11:15:00+00:00,2081,336,1338
2021-02-28 11:15:00+00:00,2016,399,1340
2021-03-01 11:15:00+00:00,2017,409,1334
2021-03-02 11:15:00+00:00,2080,362,1333
2021-03-03 11:15:00+00:00,2059,385,1334
2021-03-04 11:15:00+00:00,2046,389,1333
2021-03-05 11:15:00+00:00,2076,360,1333
2021-03-06 11:15:00+00:00,2035,384,1327
2021-03-07 11:15:00+00:00,2003,408,1329
2021-03-08 11:15:00+00:00,1998,433,1329
2021-03-09 11:15:00+00:00,2069,389,1330
2021-03-10 11:15:00+00:00,2091,371,1327
2021-03-11 11:15:00+00:00,2112,357,1324
2021-03-12 11:15:00+00:00,2108,354,1322
2021-03-13 11:15:00+00:00,2068,376,1324
2021-03-14 11:15:00+00:00,2036,395,1328
2021-03-15 11:15:00+00:00,2034,422,1328
2021-03-16 11:15:00+00:00,2106,341,1328
2021-03-17 11:15:00+00:00,2109,331,1327
2021-03-18 11:15:00+00:00,2111,331,1328
2021-03-19 11:15:00+00:00,2099,343,1329
2021-03-20 11:15:00+00:00,2084,338,1331
2021-03-21 11:15:00+00:00,2035,387,1332
2021-03-22 11:15:00+00:00,2071,371,1325
2021-03-23 11:15:00+00:00,2096,354,1324
2021-03-24 11:15:00+00:00,2152,301,1322
2021-03-25 11:15:00+00:00,2137,320,1315
2021-03-26 11:15:00+00:00,2106,325,1330
2021-03-27 11:15:00+00:00,2103,306,1331
2021-03-28 10:15:00+00:00,2047,356,1332
2021-03-29 10:15:00+00:00,2061,364,1332
2021-03-30 10:15:00+00:00,2118,315,1333
2021-03-31 10:15:00+00:00,2121,314,1332
2021-04-01 10:15:00+00:00,2140,289,1328
2021-04-02 10:15:00+00:00,2123,303,1357
2021-04-03 10:15:00+00:00,2091,332,1362
2021-04-04 10:15:00+00:00,2078,347,1356
2021-04-05 10:15:00+00:00,2107,318,1358
2021-04-06 10:15:00+00:00,2148,291,1358
2021-04-07 10:15:00+00:00,2160,278,1359
2021-04-08 10:15:00+00:00,2195,239,1351
2021-04-09 10:15:00+00:00,2173,252,1348
2021-04-10 10:15:00+00:00,2132,287,1352
2021-04-11 10:15:00+00:00,2123,295,1356
2021-04-12 10:15:00+00:00,2093,309,1329
2021-04-13 10:15:00+00:00,2155,261,1322
2021-04-14 10:15:00+00:00,2160,251,1322
2021-04-15 10:15:00+00:00,2126,286,1316
2021-04-16 10:15:00+00:00,2141,276,1316
2021-04-17 10:15:00+00:00,2096,296,1320
2021-04-18 10:15:00+00:00,2071,319,1320
2021-04-19 10:15:00+00:00,2087,324,1322
2021-04-20 10:15:00+00:00,2151,279,1318
2021-04-21 10:15:00+00:00,2165,268,1321
2021-04-22 10:15:00+00:00,2160,282,1311
2021-04-23 10:15:00+00:00,2196,250,1307
2021-04-24 10:15:00+00:00,2175,264,1299
2021-04-25 10:15:00+00:00,2133,297,1301
2021-04-26 10:15:00+00:00,2125,326,1292
2021-04-27 10:15:00+00:00,2171,292,1288
2021-04-28 10:15:00+00:00,2206,255,1285
2021-04-29 10:15:00+00:00,2208,262,1283
2021-04-30 10:15:00+00:00,2169,300,1289
2021-05-01 10:15:00+00:00,2156,283,1283
2021-05-02 10:15:00+00:00,2130,310,1284
2021-05-03 10:15:00+00:00,2136,315,1284
2021-05-04 10:15:00+00:00,2190,268,1276
2021-05-05 10:15:00+00:00,2184,278,1277
2021-05-06 10:15:00+00:00,2140,321,1279
2021-05-07 10:15:00+00:00,2175,284,1278
2021-05-08 10:15:00+00:00,2147,285,1285
2021-05-09 10:15:00+00:00,2101,311,1287
2021-05-10 10:15:00+00:00,2122,306,1282
2021-05-11 10:15:00+00:00,2163,271,1278
2021-05-12 10:15:00+00:00,2192,240,1277
2021-05-13 10:15:00+00:00,2116,284,1282
2021-05-14 10:15:00+00:00,2074,337,1276
2021-05-15 10:15:00+00:00,2104,293,1279
2021-05-16 10:15:00+00:00,2064,318,1279
2021-05-17 10:15:00+00:00,2084,316,1280
2021-05-18 10:15:00+00:00,2135,267,1289
2021-05-19 10:15:00+00:00,2144,251,1288
2021-05-20 10:15:00+00:00,2113,279,1296
2021-05-21 10:15:00+00:00,2115,282,1285
2021-05-22 10:15:00+00:00,2089,291,1288
2021-05-23 10:15:00+00:00,2021,358,1286
2021-05-24 10:15:00+00:00,2026,346,1290
2021-05-25 10:15:00+00:00,2041,336,1294
2021-05-26 10:15:00+00:00,2078,294,1298
2021-05-27 10:15:00+00:00,2064,305,1298
2021-05-28 10:15:00+00:00,2050,306,1301
2021-05-29 10:15:00+00:00,2022,325,1305
2021-05-30 10:15:00+00:00,1977,362,1304
2021-05-31 10:15:00+00:00,2001,356,1304
2021-06-01 10:15:00+00:00,2025,346,1298
2021-06-02 10:15:00+00:00,2051,304,1304
2021-06-03 10:15:00+00:00,2027,327,1300
2021-06-04 10:15:00+00:00,1994,366,1300
2021-06-05 10:15:00+00:00,1982,372,1305
2021-06-06 10:15:00+00:00,1931,407,1299
2021-06-07 10:15:00+00:00,1956,411,1306
2021-06-08 10:15:00+00:00,2043,318,1308
2021-06-09 10:15:00+00:00,2064,308,1297
2021-06-10 10:15:00+00:00,2032,341,1297
2021-06-11 10:15:00+00:00,2047,323,1303
2021-06-12 10:15:00+00:00,2039,322,1304
2021-06-13 10:15:00+00:00,2010,342,1303
2021-06-14 10:15:00+00:00,1995,376,1302
2021-06-15 10:15:00+00:00,2051,322,1302
2021-06-16 10:15:00+00:00,2070,305,1305
2021-06-17 10:15:00+00:00,2052,322,1309
2021-06-18 10:15:00+00:00,2085,292,1303
2021-06-19 10:15:00+00:00,2037,315,1307
2021-06-20 10:15:00+00:00,1965,383,1307
2021-06-21 10:15:00+00:00,1978,386,1300
2021-06-22 10:15:00+00:00,2044,325,1302
2021-06-23 10:15:00+00:00,2053,315,1300
2021-06-24 10:15:00+00:00,2064,291,1301
2021-06-25 10:15:00+00:00,2016,334,1308
2021-06-26 10:15:00+00:00,1950,375,1312
2021-06-27 10:15:00+00:00,1917,396,1321
2021-06-28 10:15:00+00:00,1967,380,1320
2021-06-29 10:15:00+00:00,2031,335,1316
2021-06-30 10:15:00+00:00,2004,365,1318
2021-07-01 10:15:00+00:00,1993,377,1309
2021-07-02 10:15:00+00:00,1958,399,1308
2021-07-03 10:15:00+00:00,1943,387,1312
2021-07-04 10:15:00+00:00,1889,448,1311
2021-07-05 10:15:00+00:00,1906,445,1315
2021-07-06 10:15:00+00:00,1966,393,1314
2021-07-07 10:15:00+00:00,1986,388,1313
2021-07-08 10:15:00+00:00,1961,408,1315
2021-07-09 10:15:00+00:00,2011,357,1315
2021-07-10 10:15:00+00:00,1967,385,1317
2021-07-11 10:15:00+00:00,1932,423,1316
2021-07-12 10:15:00+00:00,1917,454,1301
2021-07-13 10:15:00+00:00,1995,378,1303
2021-07-14 10:15:00+00:00,2014,360,1305
2021-07-15 10:15:00+00:00,2016,348,1306
2021-07-16 10:15:00+00:00,2004,346,1313
2021-07-17 10:15:00+00:00,1933,387,1323
2021-07-18 10:15:00+00:00,1910,405,1324
2021-07-19 10:15:00+00:00,1940,418,1311
2021-07-20 10:15:00+00:00,2010,350,1312
2021-07-21 10:15:00+00:00,2052,304,1314
2021-07-22 10:15:00+00:00,2004,355,1307
2021-07-23 10:15:00+00:00,2035,329,1308
2021-07-24 10:15:00+00:00,2000,339,1309
2021-07-25 10:15:00+00:00,1922,405,1303
2021-07-26 10:15:00+00:00,1936,394,1306
2021-07-27 10:15:00+00:00,1984,358,1307
2021-07-28 10:15:00+00:00,2047,316,1309
2021-07-29 10:15:00+00:00,2039,318,1313
2021-07-30 10:15:00+00:00,2047,301,1317
2021-07-31 10:15:00+00:00,1991,336,1319
2021-08-01 10:15:00+00:00,1966,367,1322
2021-08-02 10:15:00+00:00,1950,404,1317
2021-08-03 10:15:00+00:00,1999,351,1319
2021-08-04 10:15:00+00:00,1972,382,1319
2021-08-05 10:15:00+00:00,1971,396,1302
2021-08-06 10:15:00+00:00,2005,352,1302
2021-08-07 10:15:00+00:00,1988,350,1304
2021-08-08 10:15:00+00:00,1934,396,1315
2021-08-09 10:15:00+00:00,1907,436,1309
2021-08-10 10:15:00+00:00,2014,344,1306
2021-08-11 10:15:00+00:00,2010,353,1300
2021-08-12 10:15:00+00:00,2003,359,1300
2021-08-13 10:15:00+00:00,2010,358,1298
2021-08-14 10:15:00+00:00,1976,370,1306
2021-08-15 10:15:00+00:00,1944,397,1307
2021-08-16 10:15:00+00:00,1951,406,1304
2021-08-17 10:15:00+00:00,2008,335,1301
2021-08-18 10:15:00+00:00,2014,335,1303
2021-08-19 10:15:00+00:00,1990,352,1304
2021-08-20 10:15:00+00:00,1997,335,1307
2021-08-21 10:15:00+00:00,1964,343,1311
2021-08-22 10:15:00+00:00,1900,394,1309
2021-08-23 10:15:00+00:00,1918,403,1309
2021-08-24 10:15:00+00:00,1952,386,1300
2021-08-25 10:15:00+00:00,1962,378,1304
2021-08-26 10:15:00+00:00,1967,365,1305
2021-08-27 10:15:00+00:00,1966,354,1314
2021-08-28 10:15:00+00:00,1938,353,1321
2021-08-29 10:15:00+00:00,1903,388,1324
2021-08-30 10:15:00+00:00,1908,422,1316
2021-08-31 10:15:00+00:00,1956,377,1309
2021-09-01 10:15:00+00:00,1967,359,1310
2021-09-02 10:15:00+00:00,1970,365,1303
2021-09-03 10:15:00+00:00,1976,355,1298
2021-09-04 10:15:00+00:00,1964,348,1301
2021-09-05 10:15:00+00:00,1941,365,1302
2021-09-06 10:15:00+00:00,1965,371,1302
2021-09-07 10:15:00+00:00,1993,332,1302
2021-09-08 10:15:00+00:00,2037,293,1305
2021-09-09 10:15:00+00:00,2001,323,1307
2021-09-10 10:15:00+00:00,2021,299,1310
2021-09-11 10:15:00+00:00,1967,316,1305
2021-09-12 10:15:00+00:00,1921,358,1308
2021-09-13 10:15:00+00:00,1935,370,1310
2021-09-14 10:15:00+00:00,2058,271,1312
2021-09-15 10:15:00+00:00,2035,288,1301
2021-09-16 10:15:00+00:00,2047,276,1303
2021-09-17 10:15:00+00:00,2054,264,1311
2021-09-18 10:15:00+00:00,2001,297,1310
2021-09-19 10:15:00+00:00,1953,335,1311
2021-09-20 10:15:00+00:00,1978,314,1317
2021-09-21 10:15:00+00:00,2018,276,1312
2021-09-22 10:15:00+00:00,2025,275,1312
2021-09-23 10:15:00+00:00,2009,294,1313
2021-09-24 10:15:00+00:00,2002,296,1315
2021-09-25 10:15:00+00:00,1977,303,1316
2021-09-26 10:15:00+00:00,1946,326,1316
2021-09-27 10:15:00+00:00,1935,367,1316
2021-09-28 10:15:00+00:00,1957,347,1305
2021-09-29 10:15:00+00:00,2010,302,1307
2021-09-30 10:15:00+00:00,2009,312,1299
2021-10-01 10:15:00+00:00,1995,312,1306
2021-10-02 10:15:00+00:00,1939,338,1314
2021-10-03 10:15:00+00:00,1900,372,1316
2021-10-04 10:15:00+00:00,1915,386,1317
2021-10-05 10:15:00+00:00,1946,359,1314
2021-10-06 10:15:00+00:00,1971,341,1314
2021-10-07 10:15:00+00:00,1980,345,1314
2021-10-08 10:15:00+00:00,1984,329,1313
2021-10-09 10:15:00+00:00,1978,305,1319
2021-10-10 10:15:00+00:00,1929,347,1318
2021-10-11 10:15:00+00:00,1910,387,1319
2021-10-12 10:15:00+00:00,1987,316,1319
2021-10-13 10:15:00+00:00,1996,303,1315
2021-10-14 10:15:00+00:00,1982,310,1314
2021-10-15 10:15:00+00:00,1987,307,1314
2021-10-16 10:15:00+00:00,1923,336,1325
2021-10-17 10:15:00+00:00,1918,339,1327
2021-10-18 10:15:00+00:00,1918,363,1322
2021-10-19 10:15:00+00:00,2011,294,1327
2021-10-20 10:15:00+00:00,2021,279,1326
2021-10-21 10:15:00+00:00,2042,253,1327
2021-10-22 10:15:00+00:00,2034,253,1323
2021-10-23 10:15:00+00:00,1985,274,1321
2021-10-24 10:15:00+00:00,1968,283,1326
2021-10-25 10:15:00+00:00,1970,307,1320
2021-10-26 10:15:00+00:00,1986,305,1300
2021-10-27 10:15:00+00:00,2019,273,1299
2021-10-28 10:15:00+00:00,2024,272,1301
2021-10-29 10:15:00+00:00,2021,270,1305
2021-10-30 10:15:00+00:00,1963,307,1305
2021-10-31 11:15:00+00:00,1922,340,1313
2021-11-01 11:15:00+00:00,1954,299,1320
2021-11-02 11:15:00+00:00,1949,324,1311
2021-11-03 11:15:00+00:00,1997,286,1298
2021-11-04 11:15:00+00:00,2021,264,1303
2021-11-05 11:15:00+00:00,1991,279,1238
2021-11-06 11:15:00+00:00,1975,278,1221
2021-11-07 11:15:00+00:00,1951,299,1218
2021-11-08 11:15:00+00:00,1942,332,1218
2021-11-09 11:15:00+00:00,1994,277,1216
2021-11-10 11:15:00+00:00,2009,270,1176
2021-11-11 11:15:00+00:00,2015,252,1182
2021-11-12 11:15:00+00:00,2011,249,1185
2021-11-13 11:15:00+00:00,1972,262,1166
2021-11-14 11:15:00+00:00,1940,291,1162
2021-11-15 11:15:00+00:00,1973,294,1160
2021-11-16 11:15:00+00:00,2048,216,1130
2021-11-17 11:15:00+00:00,2051,217,1123
2021-11-18 11:15:00+00:00,2027,233,1139
2021-11-19 11:15:00+00:00,2011,247,1131
2021-11-20 11:15:00+00:00,1977,258,1131
2021-11-21 11:15:00+00:00,1935,276,1131
2021-11-22 11:15:00+00:00,1959,271,1128
2021-11-23 11:15:00+00:00,1994,229,1151
2021-11-24 11:15:00+00:00,2016,216,1156
2021-11-25 11:15:00+00:00,2000,238,1156
2021-11-26 11:15:00+00:00,2003,219,1154
2021-11-27 11:15:00+00:00,2019,196,1147
2021-11-28 11:15:00+00:00,2001,220,1148
2021-11-29 11:15:00+00:00,2003,227,1148
2021-11-30 11:15:00+00:00,2032,212,1135
2021-12-01 11:15:00+00:00,2043,207,1125
2021-12-02 11:15:00+00:00,2055,193,1120
2021-12-03 11:15:00+00:00,2018,227,1039
2021-12-04 11:15:00+00:00,2014,228,1030
2021-12-05 11:15:00+00:00,1997,254,1031
2021-12-06 11:15:00+00:00,2015,250,1029
2021-12-07 11:15:00+00:00,2084,198,1021
2021-12-08 11:15:00+00:00,2093,188,1002
2021-12-09 11:15:00+00:00,2121,169,983
2021-12-10 11:15:00+00:00,2094,175,980
2021-12-11 11:15:00+00:00,2055,215,963
2021-12-12 11:15:00+00:00,2035,231,959
2021-12-13 11:15:00+00:00,2058,226,961
2021-12-14 11:15:00+00:00,2101,197,950
2021-12-15 11:15:00+00:00,2097,191,959
2021-12-16 11:15:00+00:00,2047,231,963
2021-12-17 11:15:00+00:00,2070,206,965
2021-12-18 11:15:00+00:00,2034,225,969
2021-12-19 11:15:00+00:00,1999,251,978
2021-12-20 11:15:00+00:00,1982,272,988
2021-12-21 11:15:00+00:00,2053,228,984
2021-12-22 11:15:00+00:00,2044,240,979
2021-12-23 11:15:00+00:00,2018,263,972
2021-12-24 11:15:00+00:00,2006,265,977
2021-12-25 11:15:00+00:00,1974,289,971
2021-12-26 11:15:00+00:00,1992,272,972
2021-12-27 11:15:00+00:00,2011,261,973
2021-12-28 11:15:00+00:00,2019,258,978
2021-12-29 11:15:00+00:00,2005,255,980
2021-12-30 11:15:00+00:00,1973,297,979
2021-12-31 11:15:00+00:00,1957,312,981
2022-01-01 11:15:00+00:00,1951,315,984
2022-01-02 11:15:00+00:00,1981,285,984
2022-01-03 11:15:00+00:00,1977,303,980
2022-01-04 11:15:00+00:00,1989,290,982
2022-01-05 11:15:00+00:00,1999,287,979
2022-01-06 11:15:00+00:00,1990,284,977
2022-01-07 11:15:00+00:00,1989,289,975
2022-01-08 11:15:00+00:00,1951,310,977
2022-01-09 11:15:00+00:00,1933,320,982
2022-01-10 11:15:00+00:00,1945,320,977
2022-01-11 11:15:00+00:00,1980,296,984
2022-01-12 11:15:00+00:00,1983,302,979
2022-01-13 11:15:00+00:00,1988,299,982
2022-01-14 11:15:00+00:00,1995,293,982
2022-01-15 11:15:00+00:00,1945,321,992
2022-01-16 11:15:00+00:00,1869,380,999
2022-01-17 11:15:00+00:00,1882,371,1004
2022-01-18 11:15:00+00:00,1922,340,1001
2022-01-19 11:15:00+00:00,1965,296,1006
2022-01-20 11:15:00+00:00,1961,293,1007
2022-01-21 11:15:00+00:00,1973,280,1005
2022-01-22 11:15:00+00:00,1922,306,1012
2022-01-23 11:15:00+00:00,1876,355,1017
2022-01-24 11:15:00+00:00,1906,330,1013
2022-01-25 11:15:00+00:00,1931,317,1009
2022-01-26 11:15:00+00:00,1951,280,1016
2022-01-27 11:15:00+00:00,1944,273,1015
2022-01-28 11:15:00+00:00,1951,264,1018
2022-01-29 11:15:00+00:00,1919,278,1021
2022-01-30 11:15:00+00:00,1890,303,1021
2022-01-31 11:15:00+00:00,1895,323,1016
2022-02-01 11:15:00+00:00,1967,257,1012
2022-02-02 11:15:00+00:00,1978,256,1018
2022-02-03 11:15:00+00:00,1963,267,1016
2022-02-04 11:15:00+00:00,1969,242,1020
2022-02-05 11:15:00+00:00,1943,261,1019
2022-02-06 11:15:00+00:00,1888,321,1017
2022-02-07 11:15:00+00:00,1882,334,1019
2022-02-08 11:15:00+00:00,1962,279,1014
2022-02-09 11:15:00+00:00,1977,256,1011
2022-02-10 11:15:00+00:00,1961,267,1012
2022-02-11 11:15:00+00:00,1983,246,1010
2022-02-12 11:15:00+00:00,1932,284,1009
2022-02-13 11:15:00+00:00,1904,299,1014
2022-02-14 11:15:00+00:00,1925,287,1009
2022-02-15 11:15:00+00:00,1947,272,1009
2022-02-16 11:15:00+00:00,1970,253,1013
2022-02-17 11:15:00+00:00,1974,255,1013
2022-02-18 11:15:00+00:00,1981,236,1017
2022-02-19 11:15:00+00:00,1950,248,1010
2022-02-20 11:15:00+00:00,1887,311,1012
2022-02-21 11:15:00+00:00,1877,331,1019
2022-02-22 11:15:00+00:00,1957,252,1017
2022-02-23 11:15:00+00:00,1940,269,1025
2022-02-24 11:15:00+00:00,1985,232,1004
